{
    "robot_root_name": "pelvis",
    "human_root_name": "pelvis",
    "ground_height": 0.0,
    "human_height_assumption": 1.8, 
    "use_ik_match_table1": true,
    "use_ik_match_table2": true,

    "robot_scale_table": {
        "pelvis": 1.1111111111,
        "torso_link": 1.1111111111,
        "left_hip_roll_link": 1.1111111111,
        "right_hip_roll_link": 1.1111111111,
        "left_knee_link": 1.1111111111,
        "right_knee_link": 1.1111111111,
        "left_toe_link": 1.1111111111,
        "right_toe_link": 1.1111111111,
        "left_shoulder_yaw_link": 1.25,
        "right_shoulder_yaw_link": 1.25,
        "left_elbow_link": 1.25,
        "right_elbow_link": 1.25,
        "left_wrist_yaw_link": 1.25,
        "right_wrist_yaw_link": 1.25
    },


    "ik_match_table1": {
        "pelvis": [
            "pelvis",
            100,
            10,
            [
                0.0,
                0.0,
                0.0
            ],
            [
                0.5,
                0.5,
                0.5,
                0.5
            ]
        ],
        "left_hip": [
            "left_hip_roll_link",
            0,
            10,
            [
                0.0,
                0.0,
                0.0
            ],
            [
                0.4267755048530407,
                0.5637931078484661,
                0.5637931078484661,
                0.4267755048530407
            ]
        ],
        "left_knee": [
            "left_knee_link",
            0,
            10,
            [
                0.0,
                0.0,
                0.0
            ],
            [
                0.5,
                0.5,
                0.5,
                0.5
            ]
        ],
        "left_foot": [
            "left_toe_link",
            100,
            10,
            [
                -0.02,
                0.0,
                0.0
            ],
            [
                0.5,
                0.5,
                0.5,
                0.5
            ]
        ],
        "right_hip": [
            "right_hip_roll_link",
            0,
            10,
            [
                0.0,
                0.0,
                0.0
            ],
            [
                0.4267755048530407,
                0.5637931078484661,
                0.5637931078484661,
                0.4267755048530407
            ]
        ],
        "right_knee": [
            "right_knee_link",
            0,
            10,
            [
                0.0,
                0.0,
                0.0
            ],
            [
                0.5,
                0.5,
                0.5,
                0.5
            ]
        ],
        "right_foot": [
            "right_toe_link",
            100,
            10,
            [
                0.02,
                0.0,
                0.0
            ],
            [
                0.5,
                0.5,
                0.5,
                0.5
            ]
        ],
        "spine3": [
            "torso_link",
            0,
            10,
            [
                0.0,
                0.0,
                0.0
            ],
            [
                0.5,
                0.5,
                0.5,
                0.5
            ]
        ],
        "left_shoulder": [
            "left_shoulder_yaw_link",
            0,
            10,
            [
                0.0,
                0.0,
                0.0
            ],
            [
                0.70710678,
                0.0,
                0.70710678,
                0.0
            ]
        ],
        "left_elbow": [
            "left_elbow_link",
            0,
            10,
            [
                0.0,
                0.0,
                0.0
            ],
            [
                1.0,
                0.0,
                0.0,
                0.0
            ]
        ],
        "left_wrist": [
            "left_wrist_yaw_link",
            0,
            10,
            [
                0.0,
                0.0,
                0.0
            ],
            [
                1.0,
                0.0,
                0.0,
                0.0
            ]
        ],
        "right_shoulder": [
            "right_shoulder_yaw_link",
            0,
            10,
            [
                0.0,
                0.0,
                0.0
            ],
            [
                0.0,
                -0.70710678,
                0.0,
                -0.70710678
            ]
        ],
        "right_elbow": [
            "right_elbow_link",
            0,
            10,
            [
                0.0,
                0.0,
                0.0
            ],
            [
                0.0,
                0.0,
                0.0,
                1.0
            ]
        ],
        "right_wrist": [
            "right_wrist_yaw_link",
            0,
            10,
            [
                0.0,
                0.0,
                0.0
            ],
            [
                0.0,
                0.0,
                0.0,
                1.0
            ]
        ]
    },
    "ik_match_table2": {
        "pelvis": [
            "pelvis",
            100,
            5,
            [
                0.0,
                0.0,
                0.0
            ],
            [
                0.5,
                0.5,
                0.5,
                0.5
            ]
        ],
        "left_hip": [
            "left_hip_roll_link",
            10,
            5,
            [
                0.0,
                0.0,
                0.0
            ],
            [
                0.426775504853,
                0.563793107848,
                0.563793107848,
                0.426775504853
            ]
        ],
        "left_knee": [
            "left_knee_link",
            10,
            5,
            [
                0.0,
                0.0,
                0.0
            ],
            [
                0.5,
                0.5,
                0.5,
                0.5
            ]
        ],
        "left_foot": [
            "left_toe_link",
            100,
            50,
            [
                0.0,
                0.0,
                0.0
            ],
            [
                -0.5,
                -0.5,
                -0.5,
                -0.5
            ]
        ],
        "right_hip": [
            "right_hip_roll_link",
            10,
            5,
            [
                0.0,
                0.0,
                0.0
            ],
            [
                0.426775504853,
                0.563793107848,
                0.563793107848,
                0.426775504853
            ]
        ],
        "right_knee": [
            "right_knee_link",
            10,
            5,
            [
                0.0,
                0.0,
                0.0
            ],
            [
                0.5,
                0.5,
                0.5,
                0.5
            ]
        ],
        "right_foot": [
            "right_toe_link",
            100,
            50,
            [
                0.0,
                0.0,
                0.0
            ],
            [
                -0.5,
                -0.5,
                -0.5,
                -0.5
            ]
        ],
        "spine3": [
            "torso_link",
            0,
            10,
            [
                0.0,
                0.0,
                0.0
            ],
            [
                0.5,
                0.5,
                0.5,
                0.5
            ]
        ],
        "left_shoulder": [
            "left_shoulder_yaw_link",
            10,
            5,
            [
                0.0,
                0.0,
                0.0
            ],
            [
                0.707106781187,
                0.0,
                0.707106781187,
                0.0
            ]
        ],